MatchID,MatchMap,PlayerName,PlayerTeam,PlayerAgent,TWOK,THREEK,FOURK,FIVEK,ECON,PL,DE,MatchKey
542195,Bind,Jinggg,PRX,Raze,5,3,0,0,89,0,1,1
542195,Bind,f0rsakeN,PRX,Brimstone,4,1,0,0,67,1,0,2
542195,Bind,d4v41,PRX,Viper,0,1,0,0,53,2,1,3
542195,Bind,PatMen,PRX,Fade,3,0,0,0,45,4,0,4
542195,Bind,something,PRX,Yoru,5,0,1,0,68,0,1,5
542195,Bind,NoMan,XLG,Skye,6,0,0,0,50,1,0,6
542195,Bind,coconut,XLG,Gekko,5,0,0,0,39,7,0,7
542195,Bind,Rarga,XLG,Raze,3,0,0,0,54,0,1,8
542195,Bind,Viva,XLG,Brimstone,2,0,1,0,45,0,0,9
542195,Bind,happywei,XLG,Viper,0,0,0,0,34,1,1,10
542195,Sunset,Jinggg,PRX,Raze,3,2,0,0,57,0,1,11
542195,Sunset,f0rsakeN,PRX,Omen,1,0,3,0,64,0,0,12
542195,Sunset,d4v41,PRX,Sage,2,1,0,0,33,3,2,13
542195,Sunset,PatMen,PRX,Viper,1,0,0,0,26,0,0,14
542195,Sunset,something,PRX,Sova,2,1,0,1,88,1,1,15
542195,Sunset,NoMan,XLG,Neon,4,1,0,0,84,0,0,16
542195,Sunset,coconut,XLG,Omen,2,0,0,0,37,2,0,17
542195,Sunset,Rarga,XLG,Yoru,3,1,0,0,41,0,0,18
542195,Sunset,Viva,XLG,Sova,0,0,0,0,32,6,0,19
542195,Sunset,happywei,XLG,Cypher,1,2,0,0,71,0,0,20
542196,Corrode,Cloud,GX,Fade,1,0,0,0,41,0,0,21
542196,Corrode,grubinho,GX,Omen,3,0,0,0,35,1,0,22
542196,Corrode,Flickless,GX,Viper,2,0,0,0,29,0,0,23
542196,Corrode,ara,GX,Yoru,2,1,0,0,45,0,1,24
542196,Corrode,westside,GX,Vyse,2,1,0,0,37,1,0,25
542196,Corrode,Zellsis,SEN,Vyse,1,0,0,0,39,0,1,26
542196,Corrode,johnqt,SEN,Viper,2,1,0,0,74,2,0,27
542196,Corrode,bang,SEN,Omen,3,0,0,0,45,3,0,28
542196,Corrode,zekken,SEN,Neon,2,3,1,0,66,0,0,29
542196,Corrode,N4RRATE,SEN,Fade,4,0,1,0,77,2,1,30
542196,Sunset,Cloud,GX,Sova,7,1,0,0,102,3,0,31
542196,Sunset,grubinho,GX,Omen,2,0,0,0,55,0,0,32
542196,Sunset,Flickless,GX,Breach,2,1,0,0,59,1,2,33
542196,Sunset,ara,GX,Neon,2,1,0,0,34,0,0,34
542196,Sunset,westside,GX,Cypher,4,1,0,0,86,0,0,35
542196,Sunset,Zellsis,SEN,Breach,1,0,0,0,39,0,0,36
542196,Sunset,johnqt,SEN,Cypher,1,2,0,0,55,0,0,37
542196,Sunset,bang,SEN,Omen,1,0,0,0,22,2,0,38
542196,Sunset,zekken,SEN,Neon,1,0,0,0,40,0,0,39
542196,Sunset,N4RRATE,SEN,Fade,2,1,0,0,58,2,1,40
542196,Haven,Cloud,GX,Sova,5,1,0,0,64,2,0,41
542196,Haven,grubinho,GX,Omen,4,2,0,0,41,0,0,42
542196,Haven,Flickless,GX,Breach,2,0,0,0,52,7,1,43
542196,Haven,ara,GX,Neon,5,1,0,0,67,0,0,44
542196,Haven,westside,GX,Cypher,2,0,0,0,39,1,0,45
542196,Haven,Zellsis,SEN,Killjoy,2,0,0,0,40,0,0,46
542196,Haven,johnqt,SEN,Viper,3,0,0,0,54,3,1,47
542196,Haven,bang,SEN,Omen,2,0,0,0,38,2,0,48
542196,Haven,zekken,SEN,Neon,2,1,1,0,60,1,0,49
542196,Haven,N4RRATE,SEN,Sova,2,1,0,0,46,3,0,50
542207,Abyss,brawk,NRG,Sova,5,1,0,0,50,3,1,51
542207,Abyss,s0m,NRG,Harbor,3,0,1,0,35,10,0,52
542207,Abyss,mada,NRG,Yoru,5,4,0,0,52,0,0,53
542207,Abyss,skuba,NRG,Vyse,2,2,1,0,45,1,0,54
542207,Abyss,Ethan,NRG,Omen,4,1,0,0,49,2,0,55
542207,Abyss,nobody,EDG,Sova,3,1,0,0,43,5,1,56
542207,Abyss,ZmjjKK,EDG,Yoru,4,2,0,0,44,1,0,57
542207,Abyss,Smoggy,EDG,Omen,4,3,0,0,44,1,1,58
542207,Abyss,CHICHOO,EDG,Sage,5,0,0,0,41,5,0,59
542207,Abyss,Jieni7,EDG,Neon,4,3,0,0,36,1,1,60
542207,Corrode,brawk,NRG,Sova,1,1,0,0,47,5,0,61
542207,Corrode,s0m,NRG,Omen,7,0,0,0,60,0,1,62
542207,Corrode,mada,NRG,Waylay,2,0,1,0,35,2,0,63
542207,Corrode,skuba,NRG,Viper,3,1,1,0,68,0,1,64
542207,Corrode,Ethan,NRG,Kayo,2,1,1,0,60,2,1,65
542207,Corrode,nobody,EDG,Fade,3,0,0,0,49,4,2,66
542207,Corrode,ZmjjKK,EDG,Yoru,6,2,0,0,66,1,0,67
542207,Corrode,Smoggy,EDG,Omen,6,2,0,0,54,3,0,68
542207,Corrode,CHICHOO,EDG,Viper,2,0,0,0,46,2,0,69
542207,Corrode,Jieni7,EDG,Neon,1,0,0,0,31,0,0,70
542205,Abyss,paTiTek,TL,Kayo,1,1,0,0,50,0,1,71
542205,Abyss,nAts,TL,Cypher,0,0,0,0,18,1,0,72
542205,Abyss,trexx,TL,Sova,2,2,0,0,47,4,1,73
542205,Abyss,keiko,TL,Omen,4,1,0,0,54,0,1,74
542205,Abyss,kamo,TL,Jett,2,2,0,0,71,0,1,75
542205,Abyss,free1ng,DRX,Cypher,2,0,0,0,44,0,0,76
542205,Abyss,MaKo,DRX,Omen,5,1,0,0,74,3,1,77
542205,Abyss,BeYN,DRX,Sova,1,0,0,0,41,4,0,78
542205,Abyss,HYUNMIN,DRX,Waylay,3,0,0,0,39,2,2,79
542205,Abyss,Flashback,DRX,Yoru,5,2,0,0,55,1,0,80
542205,Bind,paTiTek,TL,Skye,3,0,0,0,38,0,1,81
542205,Bind,nAts,TL,Viper,1,2,0,0,59,0,1,82
542205,Bind,trexx,TL,Gekko,0,1,0,0,31,4,0,83
542205,Bind,keiko,TL,Brimstone,2,0,1,0,48,1,1,84
542205,Bind,kamo,TL,Raze,2,2,0,0,42,1,0,85
542205,Bind,free1ng,DRX,Viper,1,1,0,0,44,0,0,86
542205,Bind,MaKo,DRX,Brimstone,2,2,0,0,61,5,2,87
542205,Bind,BeYN,DRX,Fade,2,1,1,0,59,4,0,88
542205,Bind,HYUNMIN,DRX,Waylay,2,1,0,0,48,0,0,89
542205,Bind,Flashback,DRX,Yoru,1,2,0,0,47,0,0,90
542212,Lotus,Flex1n,DRG,Omen,2,0,0,0,26,2,0,91
542212,Lotus,Nicc,DRG,Breach,5,2,0,0,51,6,1,92
542212,Lotus,Demon1,DRG,Vyse,6,0,0,0,49,3,2,93
542212,Lotus,SpiritZ1,DRG,Yoru,6,1,0,0,65,0,0,94
542212,Lotus,Akeman,DRG,Waylay,4,1,0,0,33,0,0,95
542212,Lotus,stax,T1,Fade,2,1,0,0,40,7,0,96
542212,Lotus,BuZz,T1,Neon,6,0,0,0,50,1,1,97
542212,Lotus,Meteor,T1,Vyse,4,0,0,0,40,1,0,98
542212,Lotus,iZu,T1,Yoru,6,0,0,0,41,1,1,99
542212,Lotus,DH,T1,Omen,5,2,1,0,59,2,1,100
542212,Sunset,Flex1n,DRG,Omen,3,1,0,0,47,4,0,101
542212,Sunset,Nicc,DRG,Fade,4,1,0,0,46,4,2,102
542212,Sunset,Demon1,DRG,Cypher,3,1,0,0,40,0,0,103
542212,Sunset,SpiritZ1,DRG,Yoru,2,2,1,0,48,0,2,104
542212,Sunset,Akeman,DRG,Neon,4,0,1,0,42,0,1,105
542212,Sunset,stax,T1,Sova,3,0,0,0,38,6,1,106
542212,Sunset,BuZz,T1,Neon,5,4,0,0,54,0,0,107
542212,Sunset,Meteor,T1,Cypher,3,3,1,0,54,2,0,108
542212,Sunset,iZu,T1,Yoru,4,0,0,0,30,2,1,109
542212,Sunset,DH,T1,Omen,3,1,0,0,33,1,0,110
542211,Corrode,valyn,G2,Omen,4,1,0,0,54,1,0,111
542211,Corrode,jawgemo,G2,Raze,1,0,0,0,41,0,2,112
542211,Corrode,JonahP,G2,Sage,4,0,0,0,29,0,0,113
542211,Corrode,leaf,G2,Cypher,2,2,0,0,54,0,1,114
542211,Corrode,trent,G2,Fade,0,2,0,0,41,2,0,115
542211,Corrode,Boo,TH,Astra,0,0,0,0,37,2,0,116
542211,Corrode,RieNs,TH,Fade,4,1,0,1,64,1,0,117
542211,Corrode,MiniBoo,TH,Yoru,3,2,1,0,57,1,0,118
542211,Corrode,Wo0t,TH,Viper,0,0,0,0,27,0,0,119
542211,Corrode,benjyfishy,TH,Vyse,4,0,2,0,82,3,1,120
542211,Lotus,valyn,G2,Omen,5,0,1,0,68,2,0,121
542211,Lotus,jawgemo,G2,Yoru,4,1,0,0,34,1,1,122
542211,Lotus,JonahP,G2,Fade,2,0,0,0,32,0,2,123
542211,Lotus,leaf,G2,Viper,4,1,0,0,61,0,0,124
542211,Lotus,trent,G2,Tejo,4,0,0,0,41,5,1,125
542211,Lotus,Boo,TH,Omen,2,1,0,0,47,0,1,126
542211,Lotus,RieNs,TH,Fade,5,1,0,0,57,6,1,127
542211,Lotus,MiniBoo,TH,Raze,5,0,0,0,60,1,1,128
542211,Lotus,Wo0t,TH,Chamber,5,2,0,0,72,0,2,129
542211,Lotus,benjyfishy,TH,Deadlock,3,0,0,0,50,2,0,130
542200,Haven,Knight,BLG,Sova,3,0,0,0,64,1,0,131
542200,Haven,whzy,BLG,Neon,1,0,0,0,34,0,0,132
542200,Haven,nephh,BLG,Breach,0,0,0,0,40,0,0,133
542200,Haven,Levius,BLG,Cypher,2,0,0,0,19,0,1,134
542200,Haven,rushia,BLG,Omen,0,0,0,0,32,0,0,135
542200,Haven,cortezia,MIBR,Killjoy,3,0,0,0,70,2,1,136
542200,Haven,artzin,MIBR,Viper,4,0,0,0,47,1,0,137
542200,Haven,aspas,MIBR,Neon,0,1,1,0,80,0,0,138
542200,Haven,xenom,MIBR,Omen,2,0,0,0,33,2,0,139
542200,Haven,Verno,MIBR,Sova,2,0,2,0,93,5,0,140
542200,Corrode,Knight,BLG,Sova,3,0,0,0,52,1,2,141
542200,Corrode,whzy,BLG,Neon,1,0,1,0,34,0,0,142
542200,Corrode,nephh,BLG,Deadlock,2,1,0,0,52,3,1,143
542200,Corrode,Levius,BLG,Viper,3,1,0,0,57,0,0,144
542200,Corrode,rushia,BLG,Omen,3,0,0,0,40,0,1,145
542200,Corrode,cortezia,MIBR,Viper,2,2,0,0,53,1,0,146
542200,Corrode,artzin,MIBR,Kayo,3,1,0,0,58,2,0,147
542200,Corrode,aspas,MIBR,Waylay,6,0,0,1,63,0,1,148
542200,Corrode,xenom,MIBR,Omen,1,1,0,0,35,2,0,149
542200,Corrode,Verno,MIBR,Sova,6,0,0,0,56,4,1,150
542201,Ascent,crazyguy,RRQ,Tejo,1,0,0,0,36,1,0,151
542201,Ascent,Kushy,RRQ,Sova,3,0,0,1,72,3,1,152
542201,Ascent,xffero,RRQ,Cypher,3,0,1,0,49,0,1,153
542201,Ascent,Monyet,RRQ,Omen,1,0,0,0,28,3,0,154
542201,Ascent,Jemkin,RRQ,Yoru,1,3,0,0,53,0,0,155
542201,Ascent,crashies,FNC,Sova,3,1,0,0,55,3,1,156
542201,Ascent,Boaster,FNC,Omen,2,0,0,0,36,3,1,157
542201,Ascent,Chronicle,FNC,Vyse,3,2,1,1,104,1,1,158
542201,Ascent,kaajak,FNC,Yoru,0,0,0,0,35,1,0,159
542201,Ascent,Alfajer,FNC,Sage,5,1,0,0,52,1,0,160
542201,Abyss,crazyguy,RRQ,Sova,3,0,0,0,54,3,0,161
542201,Abyss,Kushy,RRQ,Kayo,4,0,1,0,61,4,0,162
542201,Abyss,xffero,RRQ,Cypher,0,0,0,0,23,2,0,163
542201,Abyss,Monyet,RRQ,Omen,4,0,0,0,30,3,0,164
542201,Abyss,Jemkin,RRQ,Jett,2,0,0,0,36,0,0,165
542201,Abyss,crashies,FNC,Sova,1,0,0,0,32,2,0,166
542201,Abyss,Boaster,FNC,Astra,6,2,1,0,128,2,4,167
542201,Abyss,Chronicle,FNC,Breach,3,2,0,0,77,3,0,168
542201,Abyss,kaajak,FNC,Waylay,4,0,0,0,38,0,0,169
542201,Abyss,Alfajer,FNC,Cypher,4,1,0,0,66,1,1,170
542197,Ascent,Jinggg,PRX,Sage,2,0,0,0,43,1,0,171
542197,Ascent,f0rsakeN,PRX,Omen,4,1,0,0,42,3,0,172
542197,Ascent,d4v41,PRX,Vyse,3,0,0,0,48,0,0,173
542197,Ascent,PatMen,PRX,Sova,4,0,0,0,50,2,0,174
542197,Ascent,something,PRX,Yoru,3,0,0,1,47,0,2,175
542197,Ascent,Cloud,GX,Sova,3,1,0,0,66,1,1,176
542197,Ascent,grubinho,GX,Omen,1,0,0,0,38,0,0,177
542197,Ascent,Flickless,GX,Kayo,2,0,0,0,40,4,0,178
542197,Ascent,ara,GX,Jett,6,3,0,0,64,1,0,179
542197,Ascent,westside,GX,Cypher,5,1,0,0,58,0,1,180
542197,Lotus,Jinggg,PRX,Raze,2,2,0,0,61,1,0,181
542197,Lotus,f0rsakeN,PRX,Omen,2,0,0,0,33,4,0,182
542197,Lotus,d4v41,PRX,Vyse,2,2,1,0,62,2,0,183
542197,Lotus,PatMen,PRX,Fade,1,1,0,0,37,2,0,184
542197,Lotus,something,PRX,Yoru,4,3,0,0,64,0,1,185
542197,Lotus,Cloud,GX,Fade,2,1,0,0,41,5,0,186
542197,Lotus,grubinho,GX,Omen,0,0,1,0,46,1,0,187
542197,Lotus,Flickless,GX,Viper,2,1,0,0,50,0,1,188
542197,Lotus,ara,GX,Raze,2,1,0,0,37,0,1,189
542197,Lotus,westside,GX,Cypher,2,1,0,0,61,0,0,190
542197,Sunset,Jinggg,PRX,Raze,8,1,0,0,70,1,0,191
542197,Sunset,f0rsakeN,PRX,Omen,2,0,0,0,42,1,0,192
542197,Sunset,d4v41,PRX,Sage,2,0,0,0,39,4,1,193
542197,Sunset,PatMen,PRX,Viper,2,1,0,0,48,0,0,194
542197,Sunset,something,PRX,Sova,5,1,1,0,69,2,1,195
542197,Sunset,Cloud,GX,Sova,0,1,0,0,50,2,0,196
542197,Sunset,grubinho,GX,Omen,3,1,0,0,51,0,1,197
542197,Sunset,Flickless,GX,Breach,3,1,0,0,55,1,0,198
542197,Sunset,ara,GX,Neon,1,0,1,0,45,0,0,199
542197,Sunset,westside,GX,Cypher,0,1,0,0,45,0,0,200
542208,Haven,free1ng,DRX,Cypher,4,0,0,0,47,1,0,201
542208,Haven,MaKo,DRX,Omen,2,0,0,0,31,3,0,202
542208,Haven,BeYN,DRX,Sova,2,1,0,0,42,6,0,203
542208,Haven,HYUNMIN,DRX,Waylay,4,1,0,0,54,0,1,204
542208,Haven,Flashback,DRX,Neon,6,0,0,0,64,0,0,205
542208,Haven,brawk,NRG,Sova,0,0,0,0,48,0,1,206
542208,Haven,s0m,NRG,Viper,1,1,0,0,34,0,0,207
542208,Haven,mada,NRG,Neon,1,2,1,0,64,0,0,208
542208,Haven,skuba,NRG,Killjoy,3,2,0,0,52,0,1,209
542208,Haven,Ethan,NRG,Omen,1,0,0,0,33,1,0,210
542208,Corrode,free1ng,DRX,Viper,2,0,0,0,54,0,1,211
542208,Corrode,MaKo,DRX,Omen,0,1,0,0,37,2,0,212
542208,Corrode,BeYN,DRX,Fade,3,1,0,0,51,4,0,213
542208,Corrode,HYUNMIN,DRX,Waylay,4,0,0,0,46,2,0,214
542208,Corrode,Flashback,DRX,Yoru,8,2,0,0,62,0,0,215
542208,Corrode,brawk,NRG,Sova,2,0,0,0,53,2,1,216
542208,Corrode,s0m,NRG,Omen,2,3,0,0,49,2,0,217
542208,Corrode,mada,NRG,Waylay,4,1,0,1,55,1,0,218
542208,Corrode,skuba,NRG,Viper,6,0,0,0,54,1,0,219
542208,Corrode,Ethan,NRG,Kayo,1,0,1,0,28,3,0,220
542208,Lotus,free1ng,DRX,Vyse,1,0,0,0,32,1,1,221
542208,Lotus,MaKo,DRX,Omen,1,0,0,0,30,1,1,222
542208,Lotus,BeYN,DRX,Fade,2,1,2,0,69,6,0,223
542208,Lotus,HYUNMIN,DRX,Waylay,3,1,0,0,49,3,0,224
542208,Lotus,Flashback,DRX,Yoru,5,2,0,0,65,1,0,225
542208,Lotus,brawk,NRG,Vyse,6,3,0,0,80,0,2,226
542208,Lotus,s0m,NRG,Omen,3,0,0,0,41,0,0,227
542208,Lotus,mada,NRG,Raze,4,1,0,0,50,0,0,228
542208,Lotus,skuba,NRG,Viper,1,0,0,0,32,2,0,229
542208,Lotus,Ethan,NRG,Fade,2,0,0,0,42,7,2,230
542213,Lotus,Boo,TH,Omen,1,0,0,0,33,0,2,231
542213,Lotus,RieNs,TH,Fade,5,2,0,0,71,7,1,232
542213,Lotus,MiniBoo,TH,Raze,1,0,2,0,54,0,1,233
542213,Lotus,Wo0t,TH,Chamber,4,2,1,0,64,0,0,234
542213,Lotus,benjyfishy,TH,Deadlock,3,1,0,0,50,0,1,235
542213,Lotus,stax,T1,Fade,0,0,0,0,24,8,0,236
542213,Lotus,BuZz,T1,Neon,2,1,1,0,51,0,0,237
542213,Lotus,Meteor,T1,Vyse,0,1,0,0,35,0,0,238
542213,Lotus,iZu,T1,Yoru,2,2,0,0,58,0,1,239
542213,Lotus,DH,T1,Omen,2,1,1,0,56,1,1,240
542213,Sunset,Boo,TH,Omen,1,1,0,0,51,1,0,241
542213,Sunset,RieNs,TH,Sova,5,1,0,0,60,3,0,242
542213,Sunset,MiniBoo,TH,Yoru,2,2,0,0,47,1,1,243
542213,Sunset,Wo0t,TH,Raze,1,1,0,0,61,1,1,244
542213,Sunset,benjyfishy,TH,Cypher,3,1,0,0,28,1,0,245
542213,Sunset,stax,T1,Sova,1,0,0,0,39,5,0,246
542213,Sunset,BuZz,T1,Neon,1,1,1,0,37,0,0,247
542213,Sunset,Meteor,T1,Cypher,4,2,0,0,67,1,0,248
542213,Sunset,iZu,T1,Yoru,3,2,0,0,45,1,0,249
542213,Sunset,DH,T1,Omen,3,0,1,0,58,1,0,250
542202,Bind,cortezia,MIBR,Viper,4,2,0,0,55,2,1,251
542202,Bind,artzin,MIBR,Yoru,4,1,0,0,47,1,0,252
542202,Bind,aspas,MIBR,Raze,2,2,0,0,74,0,0,253
542202,Bind,xenom,MIBR,Brimstone,1,1,0,0,45,1,0,254
542202,Bind,Verno,MIBR,Fade,0,1,1,0,44,5,1,255
542202,Bind,crashies,FNC,Fade,2,0,1,0,55,2,0,256
542202,Bind,Boaster,FNC,Astra,1,0,0,0,29,1,0,257
542202,Bind,Chronicle,FNC,Viper,1,0,0,0,55,0,0,258
542202,Bind,kaajak,FNC,Yoru,3,0,0,0,53,0,1,259
542202,Bind,Alfajer,FNC,Tejo,3,0,0,0,45,0,1,260
542202,Abyss,cortezia,MIBR,Cypher,4,0,0,0,33,0,0,261
542202,Abyss,artzin,MIBR,Kayo,1,1,0,0,33,4,0,262
542202,Abyss,aspas,MIBR,Jett,4,2,0,0,78,0,0,263
542202,Abyss,xenom,MIBR,Astra,1,0,0,0,20,1,0,264
542202,Abyss,Verno,MIBR,Sova,3,2,0,0,47,3,0,265
542202,Abyss,crashies,FNC,Sova,1,1,0,0,78,2,0,266
542202,Abyss,Boaster,FNC,Astra,2,1,0,0,53,0,0,267
542202,Abyss,Chronicle,FNC,Breach,3,0,0,0,41,5,0,268
542202,Abyss,kaajak,FNC,Waylay,1,2,0,0,50,0,0,269
542202,Abyss,Alfajer,FNC,Cypher,4,0,1,0,67,1,1,270
542202,Haven,cortezia,MIBR,Killjoy,1,0,0,0,37,0,0,271
542202,Haven,artzin,MIBR,Viper,2,2,0,0,76,0,0,272
542202,Haven,aspas,MIBR,Neon,3,0,0,0,35,0,0,273
542202,Haven,xenom,MIBR,Omen,2,1,1,0,61,1,0,274
542202,Haven,Verno,MIBR,Sova,2,0,0,0,34,2,0,275
542202,Haven,crashies,FNC,Sova,4,1,0,0,53,3,0,276
542202,Haven,Boaster,FNC,Omen,1,1,0,0,42,1,0,277
542202,Haven,Chronicle,FNC,Viper,3,1,0,0,58,1,0,278
542202,Haven,kaajak,FNC,Yoru,4,2,0,0,51,0,0,279
542202,Haven,Alfajer,FNC,Killjoy,3,0,0,0,48,0,0,280
542209,Sunset,paTiTek,TL,Omen,0,1,0,0,52,0,0,281
542209,Sunset,nAts,TL,Cypher,0,0,0,0,39,0,0,282
542209,Sunset,trexx,TL,Fade,3,0,0,0,55,3,1,283
542209,Sunset,keiko,TL,Raze,1,0,0,0,39,0,0,284
542209,Sunset,kamo,TL,Yoru,2,0,0,0,27,1,0,285
542209,Sunset,nobody,EDG,Sova,3,1,0,0,91,2,1,286
542209,Sunset,ZmjjKK,EDG,Neon,4,1,2,0,71,0,1,287
542209,Sunset,Smoggy,EDG,Omen,2,0,0,0,37,0,0,288
542209,Sunset,CHICHOO,EDG,Cypher,1,0,0,0,50,0,1,289
542209,Sunset,Jieni7,EDG,Breach,3,1,0,0,82,1,0,290
542209,Abyss,paTiTek,TL,Kayo,2,2,0,0,50,6,0,291
542209,Abyss,nAts,TL,Cypher,5,3,1,0,106,1,0,292
542209,Abyss,trexx,TL,Sova,1,0,0,0,49,4,1,293
542209,Abyss,keiko,TL,Omen,1,1,0,0,45,0,0,294
542209,Abyss,kamo,TL,Jett,1,1,0,1,60,0,0,295
542209,Abyss,nobody,EDG,Sova,1,0,0,0,39,4,1,296
542209,Abyss,ZmjjKK,EDG,Yoru,3,0,0,0,30,0,0,297
542209,Abyss,Smoggy,EDG,Omen,3,0,0,0,45,0,1,298
542209,Abyss,CHICHOO,EDG,Astra,3,0,0,0,33,0,0,299
542209,Abyss,Jieni7,EDG,Waylay,1,1,0,0,48,0,1,300
542209,Bind,paTiTek,TL,Fade,4,0,1,0,43,4,0,301
542209,Bind,nAts,TL,Viper,4,2,1,0,55,1,0,302
542209,Bind,trexx,TL,Brimstone,0,2,0,0,38,2,0,303
542209,Bind,keiko,TL,Raze,2,0,0,0,36,1,2,304
542209,Bind,kamo,TL,Yoru,5,1,1,0,54,2,0,305
542209,Bind,nobody,EDG,Fade,3,1,0,0,35,4,0,306
542209,Bind,ZmjjKK,EDG,Yoru,5,2,0,0,41,0,0,307
542209,Bind,Smoggy,EDG,Brimstone,5,2,0,0,52,1,1,308
542209,Bind,CHICHOO,EDG,Viper,5,1,0,0,43,1,1,309
542209,Bind,Jieni7,EDG,Tejo,2,2,0,0,37,2,1,310
542198,Abyss,NoMan,XLG,Jett,2,0,0,0,42,0,0,311
542198,Abyss,coconut,XLG,Astra,3,1,0,0,46,0,1,312
542198,Abyss,Rarga,XLG,Yoru,2,0,0,0,39,0,0,313
542198,Abyss,Viva,XLG,Sova,2,2,0,0,54,8,2,314
542198,Abyss,happywei,XLG,Omen,3,0,0,0,49,1,0,315
542198,Abyss,Zellsis,SEN,Kayo,3,1,0,0,47,4,1,316
542198,Abyss,johnqt,SEN,Sova,1,1,0,0,48,4,2,317
542198,Abyss,bang,SEN,Astra,3,1,0,0,48,1,0,318
542198,Abyss,zekken,SEN,Jett,2,2,0,0,59,0,0,319
542198,Abyss,N4RRATE,SEN,Omen,4,1,0,0,52,1,1,320
542198,Lotus,NoMan,XLG,Deadlock,3,1,0,0,54,4,1,321
542198,Lotus,coconut,XLG,Omen,4,1,0,0,39,2,0,322
542198,Lotus,Rarga,XLG,Sage,5,0,0,0,49,0,0,323
542198,Lotus,Viva,XLG,Fade,2,0,0,0,48,5,1,324
542198,Lotus,happywei,XLG,Cypher,3,2,0,0,60,0,1,325
542198,Lotus,Zellsis,SEN,Vyse,3,0,0,0,41,0,1,326
542198,Lotus,johnqt,SEN,Viper,2,0,0,0,56,1,0,327
542198,Lotus,bang,SEN,Omen,3,0,0,0,33,1,0,328
542198,Lotus,zekken,SEN,Raze,4,2,0,1,65,4,1,329
542198,Lotus,N4RRATE,SEN,Fade,2,1,0,0,34,5,0,330
542198,Haven,NoMan,XLG,Killjoy,5,3,0,0,94,0,1,331
542198,Haven,coconut,XLG,Omen,2,1,0,0,33,2,0,332
542198,Haven,Rarga,XLG,Neon,3,2,0,0,58,0,1,333
542198,Haven,Viva,XLG,Sova,2,0,0,0,44,6,0,334
542198,Haven,happywei,XLG,Viper,6,2,0,0,83,0,0,335
542198,Haven,Zellsis,SEN,Killjoy,0,0,0,0,37,0,0,336
542198,Haven,johnqt,SEN,Viper,5,0,0,0,63,3,0,337
542198,Haven,bang,SEN,Omen,0,2,0,0,38,0,0,338
542198,Haven,zekken,SEN,Neon,2,1,0,0,43,1,1,339
542198,Haven,N4RRATE,SEN,Sova,2,0,0,0,37,1,0,340
542203,Sunset,Knight,BLG,Sova,5,0,0,0,70,3,0,341
542203,Sunset,whzy,BLG,Neon,4,0,0,0,51,0,1,342
542203,Sunset,nephh,BLG,Breach,1,0,0,0,30,5,0,343
542203,Sunset,Levius,BLG,Cypher,3,4,1,0,68,0,0,344
542203,Sunset,rushia,BLG,Omen,2,0,0,0,48,0,1,345
542203,Sunset,crazyguy,RRQ,Breach,4,0,0,0,57,1,1,346
542203,Sunset,Kushy,RRQ,Fade,3,0,0,0,30,1,0,347
542203,Sunset,xffero,RRQ,Cypher,2,0,0,0,37,0,0,348
542203,Sunset,Monyet,RRQ,Omen,4,0,0,0,41,1,0,349
542203,Sunset,Jemkin,RRQ,Waylay,3,0,0,0,57,0,1,350
542203,Lotus,Knight,BLG,Fade,2,0,1,0,49,7,1,351
542203,Lotus,whzy,BLG,Raze,0,1,0,0,43,0,0,352
542203,Lotus,nephh,BLG,Omen,1,1,1,1,53,1,0,353
542203,Lotus,Levius,BLG,Vyse,4,0,0,0,48,0,0,354
542203,Lotus,rushia,BLG,Viper,0,1,0,0,38,1,0,355
542203,Lotus,crazyguy,RRQ,Omen,3,1,0,0,61,0,1,356
542203,Lotus,Kushy,RRQ,Fade,2,1,0,0,50,5,1,357
542203,Lotus,xffero,RRQ,Viper,3,1,0,0,46,0,0,358
542203,Lotus,Monyet,RRQ,Raze,3,0,0,1,68,2,1,359
542203,Lotus,Jemkin,RRQ,Yoru,1,2,0,0,45,0,1,360
542203,Abyss,Knight,BLG,Sova,3,0,0,0,38,2,0,361
542203,Abyss,whzy,BLG,Yoru,0,0,0,0,28,0,0,362
542203,Abyss,nephh,BLG,Omen,2,1,0,0,52,0,0,363
542203,Abyss,Levius,BLG,Vyse,2,0,0,0,50,0,1,364
542203,Abyss,rushia,BLG,Harbor,2,0,0,0,48,1,0,365
542203,Abyss,crazyguy,RRQ,Sova,2,0,0,0,41,1,1,366
542203,Abyss,Kushy,RRQ,Kayo,2,0,0,0,43,4,1,367
542203,Abyss,xffero,RRQ,Cypher,2,2,0,0,63,1,0,368
542203,Abyss,Monyet,RRQ,Omen,1,2,0,0,61,2,0,369
542203,Abyss,Jemkin,RRQ,Jett,4,3,1,0,123,0,1,370
542214,Lotus,valyn,G2,Omen,3,0,0,0,47,4,2,371
542214,Lotus,jawgemo,G2,Yoru,3,1,0,0,61,0,0,372
542214,Lotus,JonahP,G2,Fade,3,1,0,0,52,3,1,373
542214,Lotus,leaf,G2,Viper,2,4,0,0,75,2,0,374
542214,Lotus,trent,G2,Tejo,1,0,0,0,35,3,0,375
542214,Lotus,Flex1n,DRG,Omen,3,0,0,0,50,1,1,376
542214,Lotus,Nicc,DRG,Breach,1,0,0,0,29,2,2,377
542214,Lotus,Demon1,DRG,Vyse,1,1,0,0,40,0,3,378
542214,Lotus,SpiritZ1,DRG,Yoru,4,0,0,0,40,1,0,379
542214,Lotus,Akeman,DRG,Waylay,1,2,1,0,61,0,0,380
542214,Abyss,valyn,G2,Astra,2,0,0,0,42,2,2,381
542214,Abyss,jawgemo,G2,Yoru,4,1,2,0,71,0,2,382
542214,Abyss,JonahP,G2,Sova,5,0,0,0,57,1,0,383
542214,Abyss,leaf,G2,Deadlock,1,0,0,0,40,2,0,384
542214,Abyss,trent,G2,Tejo,3,2,0,0,76,3,1,385
542214,Abyss,Flex1n,DRG,Omen,6,0,0,0,65,6,0,386
542214,Abyss,Nicc,DRG,Sova,1,0,0,0,46,4,0,387
542214,Abyss,Demon1,DRG,Cypher,2,1,0,0,72,0,0,388
542214,Abyss,SpiritZ1,DRG,Yoru,3,1,0,0,44,0,0,389
542214,Abyss,Akeman,DRG,Waylay,2,0,0,0,46,2,1,390
542210,Corrode,free1ng,DRX,Vyse,1,0,0,0,41,0,1,391
542210,Corrode,MaKo,DRX,Omen,5,1,0,0,81,1,1,392
542210,Corrode,BeYN,DRX,Fade,1,0,0,0,45,7,2,393
542210,Corrode,HYUNMIN,DRX,Waylay,1,1,0,0,42,0,0,394
542210,Corrode,Flashback,DRX,Yoru,2,3,0,0,65,0,0,395
542210,Corrode,paTiTek,TL,Fade,5,0,0,0,47,6,0,396
542210,Corrode,nAts,TL,Waylay,1,2,0,0,45,0,0,397
542210,Corrode,trexx,TL,Vyse,2,1,0,0,50,2,0,398
542210,Corrode,keiko,TL,Omen,4,1,0,0,61,1,0,399
542210,Corrode,kamo,TL,Neon,3,0,0,0,49,1,1,400
542210,Abyss,free1ng,DRX,Cypher,0,1,0,0,45,0,0,401
542210,Abyss,MaKo,DRX,Omen,2,1,0,0,45,2,0,402
542210,Abyss,BeYN,DRX,Sova,3,0,0,0,35,2,4,403
542210,Abyss,HYUNMIN,DRX,Waylay,5,2,1,0,83,0,0,404
542210,Abyss,Flashback,DRX,Yoru,1,1,2,0,59,0,0,405
542210,Abyss,paTiTek,TL,Kayo,0,0,0,0,21,3,0,406
542210,Abyss,nAts,TL,Cypher,4,0,0,0,40,1,0,407
542210,Abyss,trexx,TL,Sova,1,1,0,0,48,1,0,408
542210,Abyss,keiko,TL,Omen,3,1,0,0,64,2,0,409
542210,Abyss,kamo,TL,Jett,4,2,0,0,62,3,0,410
542199,Bind,Cloud,GX,Gekko,2,1,0,0,50,9,1,411
542199,Bind,grubinho,GX,Astra,3,0,0,0,48,0,1,412
542199,Bind,Flickless,GX,Viper,1,0,0,0,30,1,0,413
542199,Bind,ara,GX,Raze,8,2,0,0,56,0,0,414
542199,Bind,westside,GX,Deadlock,3,0,0,0,42,1,1,415
542199,Bind,NoMan,XLG,Skye,2,2,0,0,41,0,1,416
542199,Bind,coconut,XLG,Gekko,2,0,0,0,31,7,0,417
542199,Bind,Rarga,XLG,Waylay,4,1,1,0,43,1,0,418
542199,Bind,Viva,XLG,Brimstone,2,2,1,0,75,3,2,419
542199,Bind,happywei,XLG,Viper,5,2,0,0,68,0,0,420
542199,Ascent,Cloud,GX,Sova,2,1,0,0,64,2,0,421
542199,Ascent,grubinho,GX,Omen,2,0,0,0,29,0,0,422
542199,Ascent,Flickless,GX,Kayo,4,1,0,0,61,2,0,423
542199,Ascent,ara,GX,Jett,1,5,1,0,74,1,2,424
542199,Ascent,westside,GX,Cypher,2,1,0,0,39,0,0,425
542199,Ascent,NoMan,XLG,Kayo,3,1,1,0,62,1,0,426
542199,Ascent,coconut,XLG,Omen,2,0,0,0,30,0,0,427
542199,Ascent,Rarga,XLG,Jett,2,2,0,0,48,0,0,428
542199,Ascent,Viva,XLG,Sova,1,2,0,0,65,3,0,429
542199,Ascent,happywei,XLG,Cypher,0,2,0,0,38,0,0,430
542215,Lotus,stax,T1,Fade,2,1,0,0,30,6,0,431
542215,Lotus,BuZz,T1,Neon,2,1,0,0,43,0,0,432
542215,Lotus,Meteor,T1,Vyse,3,1,0,0,56,0,0,433
542215,Lotus,iZu,T1,Yoru,4,2,0,0,67,1,0,434
542215,Lotus,DH,T1,Omen,1,0,0,0,30,1,1,435
542215,Lotus,valyn,G2,Omen,4,2,1,0,71,2,0,436
542215,Lotus,jawgemo,G2,Yoru,7,2,0,0,49,0,1,437
542215,Lotus,JonahP,G2,Fade,0,1,0,0,33,1,1,438
542215,Lotus,leaf,G2,Viper,4,0,1,0,70,1,0,439
542215,Lotus,trent,G2,Tejo,1,0,0,0,45,2,1,440
542215,Corrode,stax,T1,Fade,1,2,0,0,52,7,0,441
542215,Corrode,BuZz,T1,Neon,1,0,0,0,33,0,0,442
542215,Corrode,Meteor,T1,Vyse,3,0,0,0,53,1,0,443
542215,Corrode,iZu,T1,Waylay,2,1,0,0,35,0,0,444
542215,Corrode,DH,T1,Omen,2,0,0,0,48,0,0,445
542215,Corrode,valyn,G2,Omen,2,0,0,0,64,1,0,446
542215,Corrode,jawgemo,G2,Yoru,5,1,0,0,55,1,1,447
542215,Corrode,JonahP,G2,Fade,2,0,0,0,42,2,0,448
542215,Corrode,leaf,G2,Viper,3,3,0,0,63,0,1,449
542215,Corrode,trent,G2,Tejo,6,1,0,0,59,4,2,450
542204,Corrode,cortezia,MIBR,Viper,2,2,0,0,57,2,0,451
542204,Corrode,artzin,MIBR,Kayo,3,2,0,1,93,2,2,452
542204,Corrode,aspas,MIBR,Waylay,5,1,0,0,50,2,0,453
542204,Corrode,xenom,MIBR,Omen,1,1,0,0,41,1,0,454
542204,Corrode,Verno,MIBR,Sova,1,1,0,0,42,5,0,455
542204,Corrode,crazyguy,RRQ,Omen,0,0,0,0,33,0,0,456
542204,Corrode,Kushy,RRQ,Fade,3,0,0,0,47,3,1,457
542204,Corrode,xffero,RRQ,Viper,0,0,0,0,39,1,1,458
542204,Corrode,Monyet,RRQ,Neon,2,1,0,0,64,0,1,459
542204,Corrode,Jemkin,RRQ,Waylay,1,0,0,0,28,0,0,460
542204,Abyss,cortezia,MIBR,Cypher,4,0,0,0,49,0,0,461
542204,Abyss,artzin,MIBR,Kayo,1,0,0,0,39,1,0,462
542204,Abyss,aspas,MIBR,Jett,2,0,2,0,78,0,2,463
542204,Abyss,xenom,MIBR,Astra,3,1,0,0,50,1,2,464
542204,Abyss,Verno,MIBR,Sova,1,1,0,0,53,4,2,465
542204,Abyss,crazyguy,RRQ,Sova,1,0,0,0,42,1,1,466
542204,Abyss,Kushy,RRQ,Kayo,1,0,0,0,17,5,0,467
542204,Abyss,xffero,RRQ,Cypher,2,1,0,0,63,0,0,468
542204,Abyss,Monyet,RRQ,Omen,1,0,0,0,40,4,0,469
542204,Abyss,Jemkin,RRQ,Jett,1,1,2,0,73,0,0,470
542265,Lotus,Jinggg,PRX,Raze,2,2,0,0,59,0,0,471
542265,Lotus,f0rsakeN,PRX,Omen,2,0,1,0,42,1,0,472
542265,Lotus,d4v41,PRX,Vyse,2,1,0,0,65,1,1,473
542265,Lotus,PatMen,PRX,Fade,4,1,0,0,42,7,1,474
542265,Lotus,something,PRX,Yoru,3,2,0,0,52,0,0,475
542265,Lotus,valyn,G2,Omen,1,2,0,0,48,1,0,476
542265,Lotus,jawgemo,G2,Yoru,3,3,0,0,58,0,2,477
542265,Lotus,JonahP,G2,Fade,2,1,1,0,55,1,0,478
542265,Lotus,leaf,G2,Viper,3,1,1,0,58,0,0,479
542265,Lotus,trent,G2,Tejo,1,0,0,0,24,5,0,480
542265,Corrode,Jinggg,PRX,Raze,3,1,0,0,48,0,2,481
542265,Corrode,f0rsakeN,PRX,Omen,1,2,1,0,39,1,0,482
542265,Corrode,d4v41,PRX,Vyse,2,0,1,0,36,0,0,483
542265,Corrode,PatMen,PRX,Fade,4,2,0,0,47,8,0,484
542265,Corrode,something,PRX,Yoru,5,2,1,0,55,1,0,485
542265,Corrode,valyn,G2,Omen,2,0,0,0,34,0,1,486
542265,Corrode,jawgemo,G2,Yoru,1,2,0,0,30,1,1,487
542265,Corrode,JonahP,G2,Fade,4,3,0,0,55,2,1,488
542265,Corrode,leaf,G2,Viper,4,2,0,0,53,1,0,489
542265,Corrode,trent,G2,Tejo,3,3,0,0,51,5,1,490
542265,Ascent,Jinggg,PRX,Sage,1,3,0,0,43,1,0,491
542265,Ascent,f0rsakeN,PRX,Omen,1,3,2,0,78,4,1,492
542265,Ascent,d4v41,PRX,Vyse,5,0,0,0,54,0,0,493
542265,Ascent,PatMen,PRX,Sova,1,1,0,0,28,5,1,494
542265,Ascent,something,PRX,Yoru,4,0,1,0,64,0,0,495
542265,Ascent,valyn,G2,Omen,3,0,0,0,44,1,0,496
542265,Ascent,jawgemo,G2,Yoru,4,0,0,0,41,2,0,497
542265,Ascent,JonahP,G2,Vyse,4,0,0,0,39,0,0,498
542265,Ascent,leaf,G2,Chamber,8,1,1,0,116,1,0,499
542265,Ascent,trent,G2,Sova,1,1,0,0,44,6,2,500
542264,Haven,crashies,FNC,Sova,5,0,0,0,55,4,0,501
542264,Haven,Boaster,FNC,Omen,2,1,0,0,24,4,0,502
542264,Haven,Chronicle,FNC,Viper,1,0,0,0,40,2,0,503
542264,Haven,kaajak,FNC,Yoru,2,2,1,0,66,0,1,504
542264,Haven,Alfajer,FNC,Killjoy,2,2,2,0,82,2,0,505
542264,Haven,free1ng,DRX,Cypher,3,0,0,0,38,0,0,506
542264,Haven,MaKo,DRX,Omen,4,1,0,0,61,2,1,507
542264,Haven,BeYN,DRX,Sova,3,0,0,0,65,9,0,508
542264,Haven,HYUNMIN,DRX,Waylay,4,0,0,0,50,0,0,509
542264,Haven,Flashback,DRX,Neon,3,1,0,0,43,0,0,510
542264,Ascent,crashies,FNC,Sova,2,0,0,0,32,4,0,511
542264,Ascent,Boaster,FNC,Omen,1,1,0,0,33,2,0,512
542264,Ascent,Chronicle,FNC,Vyse,1,2,1,0,69,0,0,513
542264,Ascent,kaajak,FNC,Yoru,2,2,0,0,60,0,0,514
542264,Ascent,Alfajer,FNC,Sage,3,2,0,0,52,1,0,515
542264,Ascent,free1ng,DRX,Vyse,1,0,1,0,33,0,0,516
542264,Ascent,MaKo,DRX,Omen,4,0,1,0,75,3,0,517
542264,Ascent,BeYN,DRX,Sova,2,0,0,0,65,4,1,518
542264,Ascent,HYUNMIN,DRX,Waylay,3,1,0,0,51,0,0,519
542264,Ascent,Flashback,DRX,Yoru,3,1,0,0,77,0,0,520
542264,Lotus,crashies,FNC,Fade,2,2,0,0,41,3,0,521
542264,Lotus,Boaster,FNC,Omen,1,1,0,0,39,3,0,522
542264,Lotus,Chronicle,FNC,Viper,2,0,0,0,44,2,0,523
542264,Lotus,kaajak,FNC,Raze,3,0,1,0,49,1,3,524
542264,Lotus,Alfajer,FNC,Killjoy,5,2,0,0,89,0,0,525
542264,Lotus,free1ng,DRX,Vyse,1,0,0,0,46,1,1,526
542264,Lotus,MaKo,DRX,Omen,0,0,0,0,36,2,0,527
542264,Lotus,BeYN,DRX,Fade,2,0,0,0,39,1,0,528
542264,Lotus,HYUNMIN,DRX,Waylay,4,0,0,0,42,0,0,529
542264,Lotus,Flashback,DRX,Yoru,4,1,0,0,51,0,0,530
542266,Corrode,Boo,TH,Astra,2,0,0,0,36,5,0,531
542266,Corrode,RieNs,TH,Fade,4,1,0,0,54,1,0,532
542266,Corrode,MiniBoo,TH,Yoru,3,1,0,0,45,1,1,533
542266,Corrode,Wo0t,TH,Viper,4,0,0,0,48,2,0,534
542266,Corrode,benjyfishy,TH,Vyse,1,0,0,0,33,2,1,535
542266,Corrode,cortezia,MIBR,Viper,4,0,0,0,33,0,1,536
542266,Corrode,artzin,MIBR,Kayo,4,3,0,0,84,2,2,537
542266,Corrode,aspas,MIBR,Waylay,4,0,0,0,39,0,0,538
542266,Corrode,xenom,MIBR,Omen,3,1,0,0,47,1,0,539
542266,Corrode,Verno,MIBR,Sova,1,2,0,0,51,7,0,540
542266,Sunset,Boo,TH,Omen,2,0,0,0,26,2,1,541
542266,Sunset,RieNs,TH,Sova,3,1,0,0,55,3,0,542
542266,Sunset,MiniBoo,TH,Yoru,0,1,0,0,32,0,2,543
542266,Sunset,Wo0t,TH,Viper,1,1,0,0,40,0,0,544
542266,Sunset,benjyfishy,TH,Vyse,2,0,1,0,41,1,0,545
542266,Sunset,cortezia,MIBR,Cypher,4,1,0,0,75,2,0,546
542266,Sunset,artzin,MIBR,Viper,1,1,0,0,60,0,1,547
542266,Sunset,aspas,MIBR,Neon,1,3,0,0,83,0,1,548
542266,Sunset,xenom,MIBR,Omen,3,0,0,0,46,0,0,549
542266,Sunset,Verno,MIBR,Sova,4,1,0,0,71,4,1,550
542267,Haven,brawk,NRG,Sova,3,0,2,0,138,2,1,551
542267,Haven,s0m,NRG,Viper,1,1,1,0,80,1,0,552
542267,Haven,mada,NRG,Neon,2,3,0,0,71,1,0,553
542267,Haven,skuba,NRG,Killjoy,0,1,0,0,26,1,0,554
542267,Haven,Ethan,NRG,Omen,1,0,0,0,39,7,0,555
542267,Haven,Cloud,GX,Sova,1,0,0,0,42,1,1,556
542267,Haven,grubinho,GX,Omen,0,1,0,0,47,0,0,557
542267,Haven,Flickless,GX,Breach,0,0,0,0,43,0,0,558
542267,Haven,ara,GX,Neon,0,0,0,0,17,0,0,559
542267,Haven,westside,GX,Cypher,0,0,0,0,35,0,0,560
542267,Lotus,brawk,NRG,Vyse,2,2,0,0,78,0,1,561
542267,Lotus,s0m,NRG,Omen,2,0,0,0,45,3,0,562
542267,Lotus,mada,NRG,Raze,5,1,0,0,64,1,0,563
542267,Lotus,skuba,NRG,Viper,5,1,0,0,58,3,0,564
542267,Lotus,Ethan,NRG,Fade,2,1,0,0,48,3,0,565
542267,Lotus,Cloud,GX,Fade,2,1,0,0,62,2,0,566
542267,Lotus,grubinho,GX,Omen,0,1,1,0,51,1,0,567
542267,Lotus,Flickless,GX,Viper,1,0,0,0,40,1,0,568
542267,Lotus,ara,GX,Raze,0,0,0,0,14,0,1,569
542267,Lotus,westside,GX,Cypher,3,1,0,0,53,0,0,570
542273,Lotus,free1ng,DRX,Vyse,1,1,1,0,58,0,0,571
542273,Lotus,MaKo,DRX,Omen,4,0,1,0,52,1,1,572
542273,Lotus,BeYN,DRX,Fade,0,0,0,0,23,6,0,573
542273,Lotus,HYUNMIN,DRX,Waylay,2,0,0,0,36,0,0,574
542273,Lotus,Flashback,DRX,Yoru,2,1,0,0,39,0,0,575
542273,Lotus,valyn,G2,Omen,3,0,0,0,45,3,0,576
542273,Lotus,jawgemo,G2,Yoru,1,7,0,0,80,1,0,577
542273,Lotus,JonahP,G2,Fade,1,2,0,0,67,4,1,578
542273,Lotus,leaf,G2,Viper,3,0,0,0,46,0,3,579
542273,Lotus,trent,G2,Tejo,3,1,1,0,61,1,0,580
542273,Abyss,free1ng,DRX,Cypher,1,0,0,0,13,0,1,581
542273,Abyss,MaKo,DRX,Omen,6,1,0,0,48,2,0,582
542273,Abyss,BeYN,DRX,Sova,1,0,0,0,41,7,1,583
542273,Abyss,HYUNMIN,DRX,Waylay,4,5,0,0,81,0,0,584
542273,Abyss,Flashback,DRX,Yoru,6,1,0,0,53,0,0,585
542273,Abyss,valyn,G2,Astra,0,2,0,0,45,3,0,586
542273,Abyss,jawgemo,G2,Yoru,3,1,0,0,37,1,0,587
542273,Abyss,JonahP,G2,Sova,2,2,0,0,41,3,0,588
542273,Abyss,leaf,G2,Chamber,2,0,0,0,54,0,0,589
542273,Abyss,trent,G2,Tejo,4,0,0,0,57,1,2,590
542273,Bind,free1ng,DRX,Viper,2,1,0,0,58,1,0,591
542273,Bind,MaKo,DRX,Brimstone,5,0,1,0,82,3,1,592
542273,Bind,BeYN,DRX,Fade,2,0,0,0,41,0,0,593
542273,Bind,HYUNMIN,DRX,Waylay,2,1,0,0,56,0,0,594
542273,Bind,Flashback,DRX,Yoru,5,1,0,0,56,0,2,595
542273,Bind,valyn,G2,Brimstone,1,3,0,0,60,0,1,596
542273,Bind,jawgemo,G2,Yoru,5,0,0,0,46,1,0,597
542273,Bind,JonahP,G2,Fade,0,0,0,0,19,3,0,598
542273,Bind,leaf,G2,Deadlock,2,0,0,0,33,0,0,599
542273,Bind,trent,G2,Tejo,2,0,0,0,44,1,0,600
542274,Ascent,Boo,TH,Omen,2,0,0,0,51,0,0,601
542274,Ascent,RieNs,TH,Sova,1,4,1,0,108,0,0,602
542274,Ascent,MiniBoo,TH,Yoru,5,1,0,0,69,2,0,603
542274,Ascent,Wo0t,TH,Jett,3,1,0,0,44,1,0,604
542274,Ascent,benjyfishy,TH,Cypher,4,0,0,0,54,0,0,605
542274,Ascent,Cloud,GX,Sova,1,0,0,0,38,1,0,606
542274,Ascent,grubinho,GX,Omen,1,0,0,0,19,0,0,607
542274,Ascent,Flickless,GX,Kayo,2,0,0,0,52,2,0,608
542274,Ascent,ara,GX,Jett,0,1,0,0,58,0,0,609
542274,Ascent,westside,GX,Cypher,2,0,0,0,51,1,0,610
542274,Lotus,Boo,TH,Omen,0,0,0,0,19,1,2,611
542274,Lotus,RieNs,TH,Fade,2,0,0,0,35,0,0,612
542274,Lotus,MiniBoo,TH,Raze,1,1,0,0,51,0,0,613
542274,Lotus,Wo0t,TH,Chamber,0,3,0,0,45,0,0,614
542274,Lotus,benjyfishy,TH,Deadlock,1,0,0,0,37,0,1,615
542274,Lotus,Cloud,GX,Fade,5,0,0,0,76,6,0,616
542274,Lotus,grubinho,GX,Omen,2,0,0,0,63,2,0,617
542274,Lotus,Flickless,GX,Viper,1,1,0,0,69,1,1,618
542274,Lotus,ara,GX,Raze,3,1,0,0,69,2,0,619
542274,Lotus,westside,GX,Cypher,4,1,0,0,59,0,0,620
542274,Bind,Boo,TH,Brimstone,4,1,0,0,56,6,3,621
542274,Bind,RieNs,TH,Fade,3,0,0,0,51,0,1,622
542274,Bind,MiniBoo,TH,Waylay,2,3,0,0,54,0,2,623
542274,Bind,Wo0t,TH,Yoru,0,0,1,0,40,0,0,624
542274,Bind,benjyfishy,TH,Viper,2,1,0,0,47,2,1,625
542274,Bind,Cloud,GX,Gekko,7,0,0,0,62,6,0,626
542274,Bind,grubinho,GX,Astra,5,0,0,0,47,1,0,627
542274,Bind,Flickless,GX,Viper,1,1,0,0,62,2,1,628
542274,Bind,ara,GX,Raze,3,0,0,0,35,0,2,629
542274,Bind,westside,GX,Deadlock,4,1,1,0,54,0,1,630
542268,Bind,crashies,FNC,Fade,2,1,0,0,45,0,0,631
542268,Bind,Boaster,FNC,Astra,1,0,0,0,45,3,1,632
542268,Bind,Chronicle,FNC,Viper,2,0,0,0,38,1,0,633
542268,Bind,doma,FNC,Tejo,3,1,0,0,49,1,0,634
542268,Bind,kaajak,FNC,Yoru,3,4,1,0,83,0,1,635
542268,Bind,Jinggg,PRX,Raze,2,0,0,0,48,0,0,636
542268,Bind,f0rsakeN,PRX,Brimstone,6,0,0,0,50,1,0,637
542268,Bind,d4v41,PRX,Viper,3,1,0,0,55,0,2,638
542268,Bind,PatMen,PRX,Fade,2,2,0,0,57,6,1,639
542268,Bind,something,PRX,Yoru,2,0,1,0,47,0,0,640
542268,Haven,crashies,FNC,Sova,4,0,0,0,55,2,0,641
542268,Haven,Boaster,FNC,Omen,2,1,0,0,31,3,1,642
542268,Haven,Chronicle,FNC,Viper,3,1,1,0,83,4,0,643
542268,Haven,doma,FNC,Killjoy,5,0,0,0,48,0,0,644
542268,Haven,kaajak,FNC,Yoru,2,1,1,0,76,1,0,645
542268,Haven,Jinggg,PRX,Omen,2,0,0,0,40,0,0,646
542268,Haven,f0rsakeN,PRX,Waylay,4,1,0,0,49,0,0,647
542268,Haven,d4v41,PRX,Vyse,1,0,1,0,46,0,1,648
542268,Haven,PatMen,PRX,Fade,1,0,0,0,32,1,0,649
542268,Haven,something,PRX,Yoru,2,0,0,0,33,0,1,650
542268,Lotus,crashies,FNC,Fade,0,1,0,0,35,2,4,651
542268,Lotus,Boaster,FNC,Omen,4,1,0,0,56,2,1,652
542268,Lotus,Chronicle,FNC,Viper,8,1,1,0,88,1,2,653
542268,Lotus,doma,FNC,Killjoy,2,1,0,0,45,1,0,654
542268,Lotus,kaajak,FNC,Raze,5,1,0,0,51,0,1,655
542268,Lotus,Jinggg,PRX,Raze,1,2,0,0,57,0,1,656
542268,Lotus,f0rsakeN,PRX,Omen,1,2,0,0,53,0,0,657
542268,Lotus,d4v41,PRX,Vyse,4,0,0,0,50,0,0,658
542268,Lotus,PatMen,PRX,Fade,1,0,0,0,39,8,2,659
542268,Lotus,something,PRX,Yoru,1,2,0,0,50,0,0,660
542269,Abyss,cortezia,MIBR,Cypher,7,1,0,0,57,0,0,661
542269,Abyss,artzin,MIBR,Kayo,4,1,0,0,36,4,0,662
542269,Abyss,aspas,MIBR,Jett,12,2,0,0,57,1,0,663
542269,Abyss,xenom,MIBR,Astra,3,0,0,0,31,1,1,664
542269,Abyss,Verno,MIBR,Sova,3,0,0,0,33,6,1,665
542269,Abyss,brawk,NRG,Sova,4,1,0,0,32,0,3,666
542269,Abyss,s0m,NRG,Harbor,1,3,0,0,33,6,0,667
542269,Abyss,mada,NRG,Yoru,4,2,0,0,37,0,3,668
542269,Abyss,skuba,NRG,Vyse,2,0,0,0,31,2,0,669
542269,Abyss,Ethan,NRG,Omen,5,0,0,0,37,2,0,670
542269,Haven,cortezia,MIBR,Killjoy,2,1,0,0,61,0,1,671
542269,Haven,artzin,MIBR,Viper,2,2,0,0,87,0,0,672
542269,Haven,aspas,MIBR,Neon,4,3,0,0,54,0,1,673
542269,Haven,xenom,MIBR,Omen,1,0,0,0,25,1,1,674
542269,Haven,Verno,MIBR,Sova,4,0,0,0,63,3,1,675
542269,Haven,brawk,NRG,Sova,1,1,0,0,61,2,1,676
542269,Haven,s0m,NRG,Viper,3,0,0,0,60,2,0,677
542269,Haven,mada,NRG,Neon,0,1,0,0,27,0,0,678
542269,Haven,skuba,NRG,Killjoy,0,1,0,0,47,1,0,679
542269,Haven,Ethan,NRG,Omen,0,0,0,0,28,1,0,680
542269,Corrode,cortezia,MIBR,Viper,4,0,0,0,36,0,1,681
542269,Corrode,artzin,MIBR,Kayo,5,0,0,0,31,3,0,682
542269,Corrode,aspas,MIBR,Waylay,5,1,0,1,37,1,1,683
542269,Corrode,xenom,MIBR,Omen,4,0,0,0,30,0,0,684
542269,Corrode,Verno,MIBR,Sova,3,2,0,0,47,6,1,685
542269,Corrode,brawk,NRG,Sova,4,1,0,0,52,1,1,686
542269,Corrode,s0m,NRG,Omen,3,1,0,0,48,1,1,687
542269,Corrode,mada,NRG,Waylay,1,3,0,0,35,1,0,688
542269,Corrode,skuba,NRG,Viper,1,2,0,0,55,0,1,689
542269,Corrode,Ethan,NRG,Kayo,3,0,0,0,46,8,1,690
542277,Ascent,Jinggg,PRX,Sage,2,1,0,0,35,1,0,691
542277,Ascent,f0rsakeN,PRX,Omen,3,1,0,1,43,3,0,692
542277,Ascent,d4v41,PRX,Vyse,4,2,0,0,77,0,0,693
542277,Ascent,PatMen,PRX,Sova,2,1,0,0,46,5,1,694
542277,Ascent,something,PRX,Yoru,3,1,1,0,59,1,0,695
542277,Ascent,Boo,TH,Omen,3,0,0,0,53,4,1,696
542277,Ascent,RieNs,TH,Sova,3,1,0,0,64,3,0,697
542277,Ascent,MiniBoo,TH,Yoru,4,0,0,0,39,0,0,698
542277,Ascent,Wo0t,TH,Jett,3,2,1,0,69,0,1,699
542277,Ascent,benjyfishy,TH,Cypher,1,0,0,0,29,2,0,700
542277,Bind,Jinggg,PRX,Raze,5,0,0,0,49,0,0,701
542277,Bind,f0rsakeN,PRX,Brimstone,1,1,2,0,65,2,0,702
542277,Bind,d4v41,PRX,Viper,4,0,1,0,54,1,0,703
542277,Bind,PatMen,PRX,Fade,2,0,1,0,47,3,0,704
542277,Bind,something,PRX,Yoru,4,0,0,0,37,0,1,705
542277,Bind,Boo,TH,Brimstone,4,0,0,0,53,6,0,706
542277,Bind,RieNs,TH,Fade,4,0,0,0,48,0,2,707
542277,Bind,MiniBoo,TH,Waylay,4,1,0,0,40,0,0,708
542277,Bind,Wo0t,TH,Yoru,3,1,1,0,62,0,2,709
542277,Bind,benjyfishy,TH,Viper,2,0,0,0,41,0,0,710
542277,Lotus,Jinggg,PRX,Raze,1,2,0,0,40,0,1,711
542277,Lotus,f0rsakeN,PRX,Omen,1,1,1,0,58,1,1,712
542277,Lotus,d4v41,PRX,Vyse,5,1,0,0,87,0,0,713
542277,Lotus,PatMen,PRX,Fade,3,1,0,0,85,8,0,714
542277,Lotus,something,PRX,Yoru,3,1,0,0,51,0,1,715
542277,Lotus,Boo,TH,Omen,2,0,0,0,47,1,0,716
542277,Lotus,RieNs,TH,Fade,3,1,0,0,56,1,1,717
542277,Lotus,MiniBoo,TH,Raze,1,1,0,0,57,0,0,718
542277,Lotus,Wo0t,TH,Chamber,3,0,0,0,38,0,0,719
542277,Lotus,benjyfishy,TH,Deadlock,2,1,0,0,57,1,1,720
542276,Sunset,cortezia,MIBR,Cypher,5,1,0,0,79,0,0,721
542276,Sunset,artzin,MIBR,Viper,3,1,0,0,60,0,0,722
542276,Sunset,aspas,MIBR,Neon,3,3,0,0,72,0,1,723
542276,Sunset,xenom,MIBR,Omen,3,0,0,0,33,4,0,724
542276,Sunset,Verno,MIBR,Sova,2,3,0,0,62,2,0,725
542276,Sunset,free1ng,DRX,Cypher,2,2,0,0,50,0,1,726
542276,Sunset,MaKo,DRX,Omen,1,0,0,0,46,0,0,727
542276,Sunset,BeYN,DRX,Sova,2,1,0,0,49,2,0,728
542276,Sunset,HYUNMIN,DRX,Waylay,1,0,1,0,34,0,1,729
542276,Sunset,Flashback,DRX,Neon,1,2,0,0,35,0,1,730
542276,Ascent,cortezia,MIBR,Vyse,3,0,1,0,48,1,1,731
542276,Ascent,artzin,MIBR,Kayo,2,0,0,0,28,2,0,732
542276,Ascent,aspas,MIBR,Jett,3,2,1,0,58,1,0,733
542276,Ascent,xenom,MIBR,Omen,2,1,0,0,36,1,0,734
542276,Ascent,Verno,MIBR,Sova,2,3,0,0,44,3,0,735
542276,Ascent,free1ng,DRX,Vyse,2,2,0,0,54,4,0,736
542276,Ascent,MaKo,DRX,Omen,1,1,0,0,35,4,0,737
542276,Ascent,BeYN,DRX,Sova,3,4,0,0,60,3,0,738
542276,Ascent,HYUNMIN,DRX,Waylay,1,2,0,0,43,0,0,739
542276,Ascent,Flashback,DRX,Yoru,3,1,0,0,48,0,0,740
542276,Bind,cortezia,MIBR,Viper,3,0,1,0,62,0,1,741
542276,Bind,artzin,MIBR,Yoru,1,0,0,0,38,1,0,742
542276,Bind,aspas,MIBR,Raze,4,1,1,0,69,0,0,743
542276,Bind,xenom,MIBR,Brimstone,2,0,0,0,36,0,0,744
542276,Bind,Verno,MIBR,Fade,1,1,0,0,39,8,1,745
542276,Bind,free1ng,DRX,Viper,2,1,0,0,44,0,0,746
542276,Bind,MaKo,DRX,Brimstone,3,1,0,0,51,3,1,747
542276,Bind,BeYN,DRX,Fade,2,0,0,0,43,6,0,748
542276,Bind,HYUNMIN,DRX,Waylay,1,2,0,0,36,0,1,749
542276,Bind,Flashback,DRX,Yoru,3,2,0,1,59,0,1,750
542270,Ascent,crashies,FNC,Sova,1,0,1,0,45,1,1,751
542270,Ascent,Boaster,FNC,Omen,3,1,0,0,52,0,0,752
542270,Ascent,Chronicle,FNC,Vyse,4,1,0,0,48,1,1,753
542270,Ascent,kaajak,FNC,Yoru,4,1,1,0,57,0,0,754
542270,Ascent,Alfajer,FNC,Sage,5,0,0,0,35,2,2,755
542270,Ascent,brawk,NRG,Sova,3,1,1,0,58,3,0,756
542270,Ascent,s0m,NRG,Omen,3,1,1,0,48,2,0,757
542270,Ascent,mada,NRG,Jett,3,1,0,0,42,0,0,758
542270,Ascent,skuba,NRG,Vyse,3,1,1,0,65,0,0,759
542270,Ascent,Ethan,NRG,Kayo,0,2,0,0,46,3,0,760
542270,Abyss,crashies,FNC,Sova,3,0,0,0,54,2,0,761
542270,Abyss,Boaster,FNC,Astra,0,0,0,0,26,1,1,762
542270,Abyss,Chronicle,FNC,Breach,1,1,0,0,43,1,0,763
542270,Abyss,kaajak,FNC,Waylay,1,1,0,0,44,0,0,764
542270,Abyss,Alfajer,FNC,Cypher,1,0,0,0,33,0,0,765
542270,Abyss,brawk,NRG,Sova,2,0,0,0,53,2,0,766
542270,Abyss,s0m,NRG,Harbor,3,1,0,0,58,6,0,767
542270,Abyss,mada,NRG,Yoru,3,1,0,0,55,0,0,768
542270,Abyss,skuba,NRG,Vyse,0,2,1,0,76,2,0,769
542270,Abyss,Ethan,NRG,Omen,2,1,0,0,62,1,0,770
542278,Ascent,free1ng,DRX,Vyse,4,1,0,0,44,0,1,771
542278,Ascent,MaKo,DRX,Omen,3,0,0,0,40,2,0,772
542278,Ascent,BeYN,DRX,Sova,4,0,0,0,40,2,0,773
542278,Ascent,HYUNMIN,DRX,Waylay,6,3,2,0,69,0,0,774
542278,Ascent,Flashback,DRX,Yoru,2,1,0,0,40,0,0,775
542278,Ascent,Jinggg,PRX,Sage,3,6,0,0,64,1,0,776
542278,Ascent,f0rsakeN,PRX,Omen,2,2,0,0,31,1,0,777
542278,Ascent,d4v41,PRX,Vyse,2,1,0,0,48,1,0,778
542278,Ascent,PatMen,PRX,Sova,3,0,0,0,41,0,0,779
542278,Ascent,something,PRX,Yoru,3,1,0,0,39,1,0,780
542278,Lotus,free1ng,DRX,Vyse,2,1,0,0,61,0,1,781
542278,Lotus,MaKo,DRX,Omen,2,0,1,0,63,3,0,782
542278,Lotus,BeYN,DRX,Fade,2,1,0,0,63,5,0,783
542278,Lotus,HYUNMIN,DRX,Raze,5,2,0,0,54,1,1,784
542278,Lotus,Flashback,DRX,Yoru,3,0,0,0,50,0,0,785
542278,Lotus,Jinggg,PRX,Raze,3,2,0,0,73,1,2,786
542278,Lotus,f0rsakeN,PRX,Omen,1,0,0,0,43,1,0,787
542278,Lotus,d4v41,PRX,Vyse,3,0,0,0,45,0,0,788
542278,Lotus,PatMen,PRX,Fade,0,0,0,0,15,3,0,789
542278,Lotus,something,PRX,Yoru,1,0,0,0,34,0,0,790
542279,Sunset,crashies,FNC,Fade,5,0,0,0,55,4,1,791
542279,Sunset,Boaster,FNC,Omen,3,0,0,0,30,0,0,792
542279,Sunset,Chronicle,FNC,Breach,0,1,0,0,26,1,0,793
542279,Sunset,kaajak,FNC,Neon,3,1,0,0,54,0,0,794
542279,Sunset,Alfajer,FNC,Vyse,3,1,1,0,64,1,1,795
542279,Sunset,free1ng,DRX,Cypher,2,3,0,0,72,0,2,796
542279,Sunset,MaKo,DRX,Omen,0,0,1,0,33,2,0,797
542279,Sunset,BeYN,DRX,Sova,2,0,0,0,40,3,0,798
542279,Sunset,HYUNMIN,DRX,Waylay,5,1,1,0,67,0,0,799
542279,Sunset,Flashback,DRX,Yoru,5,1,0,0,61,2,0,800
542279,Corrode,crashies,FNC,Fade,3,3,0,0,96,7,1,801
542279,Corrode,Boaster,FNC,Astra,2,0,0,0,65,2,0,802
542279,Corrode,Chronicle,FNC,Viper,4,1,1,0,73,1,0,803
542279,Corrode,kaajak,FNC,Yoru,2,0,0,0,41,0,0,804
542279,Corrode,Alfajer,FNC,Vyse,2,0,0,0,58,0,0,805
542279,Corrode,free1ng,DRX,Vyse,1,0,0,0,37,0,0,806
542279,Corrode,MaKo,DRX,Omen,0,0,0,0,23,0,0,807
542279,Corrode,BeYN,DRX,Fade,2,1,0,0,40,2,0,808
542279,Corrode,HYUNMIN,DRX,Waylay,1,0,0,0,51,0,0,809
542279,Corrode,Flashback,DRX,Yoru,2,0,0,0,34,0,0,810
542279,Haven,crashies,FNC,Sova,3,1,0,0,54,4,0,811
542279,Haven,Boaster,FNC,Omen,0,1,0,0,29,10,0,812
542279,Haven,Chronicle,FNC,Viper,6,1,0,0,57,2,2,813
542279,Haven,kaajak,FNC,Yoru,4,0,1,0,65,0,2,814
542279,Haven,Alfajer,FNC,Killjoy,2,1,0,0,48,0,2,815
542279,Haven,free1ng,DRX,Cypher,4,1,0,0,77,0,0,816
542279,Haven,MaKo,DRX,Omen,2,1,1,0,46,4,0,817
542279,Haven,BeYN,DRX,Sova,4,1,0,0,43,12,0,818
542279,Haven,HYUNMIN,DRX,Waylay,0,0,0,0,34,2,0,819
542279,Haven,Flashback,DRX,Yoru,2,1,0,0,43,0,0,820
542279,Bind,crashies,FNC,Fade,3,0,0,0,58,3,1,821
542279,Bind,Boaster,FNC,Astra,1,1,0,0,51,3,0,822
542279,Bind,Chronicle,FNC,Viper,2,1,1,0,101,2,0,823
542279,Bind,kaajak,FNC,Yoru,3,2,0,0,71,1,0,824
542279,Bind,Alfajer,FNC,Tejo,1,0,0,0,31,1,0,825
542279,Bind,free1ng,DRX,Viper,1,1,0,0,36,0,0,826
542279,Bind,MaKo,DRX,Brimstone,3,1,0,0,43,1,0,827
542279,Bind,BeYN,DRX,Fade,1,0,0,0,45,2,0,828
542279,Bind,HYUNMIN,DRX,Waylay,1,0,0,1,39,0,0,829
542279,Bind,Flashback,DRX,Yoru,0,0,0,0,34,0,0,830
542272,Corrode,brawk,NRG,Sova,5,3,0,0,99,0,2,831
542272,Corrode,s0m,NRG,Omen,4,0,0,0,51,0,0,832
542272,Corrode,mada,NRG,Waylay,2,3,0,0,61,0,1,833
542272,Corrode,skuba,NRG,Viper,0,1,0,0,42,0,1,834
542272,Corrode,Ethan,NRG,Kayo,0,0,1,0,52,3,1,835
542272,Corrode,crashies,FNC,Fade,2,0,0,0,45,4,0,836
542272,Corrode,Boaster,FNC,Astra,1,0,0,0,27,2,0,837
542272,Corrode,Chronicle,FNC,Viper,1,0,0,0,29,0,0,838
542272,Corrode,kaajak,FNC,Yoru,1,1,0,0,50,1,0,839
542272,Corrode,Alfajer,FNC,Vyse,2,0,0,0,37,1,0,840
542272,Lotus,brawk,NRG,Vyse,1,2,0,0,51,0,0,841
542272,Lotus,s0m,NRG,Omen,1,1,0,0,36,2,0,842
542272,Lotus,mada,NRG,Raze,4,1,0,0,59,0,0,843
542272,Lotus,skuba,NRG,Viper,5,0,0,0,59,2,1,844
542272,Lotus,Ethan,NRG,Fade,2,1,0,0,35,6,0,845
542272,Lotus,crashies,FNC,Fade,1,0,0,0,32,2,0,846
542272,Lotus,Boaster,FNC,Omen,0,1,0,0,53,1,0,847
542272,Lotus,Chronicle,FNC,Viper,2,1,0,0,60,0,1,848
542272,Lotus,kaajak,FNC,Raze,3,1,1,0,75,0,0,849
542272,Lotus,Alfajer,FNC,Killjoy,3,0,0,0,44,1,0,850
542272,Abyss,brawk,NRG,Sova,2,2,0,0,56,0,1,851
542272,Abyss,s0m,NRG,Harbor,0,0,0,0,27,7,0,852
542272,Abyss,mada,NRG,Yoru,3,0,0,0,40,0,1,853
542272,Abyss,skuba,NRG,Vyse,3,1,2,0,61,0,2,854
542272,Abyss,Ethan,NRG,Omen,4,0,0,0,51,2,0,855
542272,Abyss,crashies,FNC,Sova,4,0,2,0,55,4,2,856
542272,Abyss,Boaster,FNC,Astra,2,1,0,0,35,2,2,857
542272,Abyss,Chronicle,FNC,Breach,1,1,1,0,41,1,3,858
542272,Abyss,kaajak,FNC,Waylay,2,4,0,0,55,0,0,859
542272,Abyss,Alfajer,FNC,Cypher,2,0,0,0,30,0,0,860
542272,Ascent,brawk,NRG,Sova,2,1,0,0,55,0,2,861
542272,Ascent,s0m,NRG,Omen,2,0,0,0,57,0,0,862
542272,Ascent,mada,NRG,Jett,1,1,0,0,39,0,0,863
542272,Ascent,skuba,NRG,Vyse,4,0,0,0,44,2,0,864
542272,Ascent,Ethan,NRG,Kayo,2,1,0,0,38,5,0,865
542272,Ascent,crashies,FNC,Sova,4,0,0,0,58,1,0,866
542272,Ascent,Boaster,FNC,Omen,1,0,0,0,34,3,1,867
542272,Ascent,Chronicle,FNC,Vyse,1,1,1,0,45,1,1,868
542272,Ascent,kaajak,FNC,Yoru,5,0,0,0,55,2,1,869
542272,Ascent,Alfajer,FNC,Sage,5,2,0,0,77,3,0,870
542272,Sunset,brawk,NRG,Sova,2,0,0,0,68,4,0,871
542272,Sunset,s0m,NRG,Omen,4,0,0,0,41,0,0,872
542272,Sunset,mada,NRG,Neon,2,1,0,0,41,1,2,873
542272,Sunset,skuba,NRG,Cypher,3,0,0,0,63,1,1,874
542272,Sunset,Ethan,NRG,Breach,2,3,1,0,93,4,0,875
542272,Sunset,crashies,FNC,Fade,1,0,0,0,36,0,0,876
542272,Sunset,Boaster,FNC,Omen,1,0,0,0,26,4,0,877
542272,Sunset,Chronicle,FNC,Cypher,1,0,0,0,51,0,2,878
542272,Sunset,kaajak,FNC,Yoru,2,2,0,0,57,1,0,879
542272,Sunset,Alfajer,FNC,Neon,2,2,0,0,65,0,0,880
